﻿﻿﻿﻿﻿﻿﻿﻿﻿﻿﻿﻿﻿"﻿""﻿﻿﻿﻿﻿﻿""""﻿﻿﻿﻿﻿﻿﻿﻿﻿﻿﻿﻿﻿﻿﻿﻿﻿﻿﻿﻿﻿﻿﻿﻿﻿﻿﻿﻿﻿﻿﻿﻿﻿﻿﻿﻿﻿﻿﻿﻿﻿﻿﻿﻿﻿﻿﻿Version""""""",
0,
"Double byte support",
0,
"Double byte font",
"�l�r �o�S�V�b�N",
"Not enough coins, please purchase more!", "Niet genoeg munten, koop alstublieft meer!"
"TANK LVL-1", "TANK LVL-1"
"TANK LVL-2", "TANK LVL-2"
"APC LVL-1", "APC LVL-1"
"APC LVL-2", "APC LVL-2"
"APC LVL-3", "APC LVL-3"
"HELICOPTER LVL-1", "HELICOPTER LVL-1"
"HELICOPTER LVL-2", "HELICOPTER LVL-2"
"HELICOPTER LVL-3", "HELICOPTER LVL-3"
"PERSON", "PERSOON"
"Outfit", "Kleding"
"Primary", "primair"
"Secondary", "Tweede"
"Items", "items"
"Head", "Hoofd"
"Camo", "Camo"
"Flag", "Vlag"
"Emblem", "Embleem"
"OPEN", "OPEN"
"PURCHASE", "AANKOOP"
"CLIENT IS OLD, PLEASE CLEAR YOUR BROWSER CACHE...", "CLIENT IS OUD, WIS UW BROWSER CACHE..."
"ALL GAME SERVERS FULL, PLEASE REFRESH...", "ALLE GAME SERVERS ZIJN VOL, START OPNIEUW ALSJEBLIEFT..."
"SELECT SERVER", "SELECTEER SERVER"
"Connect", "Verbinden"
"Refresh", "verversen"
"Localhost", "localhost"
"CONNECTING...", "VERBINDEN..."
"PLAY GAME!", "SPEL SPELEN!"
"QUIT GAME", "SLUIT GAME"
"Mouse", "Muis"
"Volume", "Volume"
"Shadows", "Schaduwen"
"Mute Audio", "Geluid uit"
"Antialiasing", "antialiasing"
"Tone Mapping", "Tone Mapping"
"Ambient Occlusion", "Omgevingsocclusie"
"Reflections", "Reflecties"
"PLAYER CUSTOMIZATION", "SPEL AANPASSING"
"MISSIONS", "MISSIES"
"SKIP MISSION", "MISSIE OVERSLAAN"
"Reward", "Beloning"
"SKIP MISSION?", "MISSIE OVERSLAAN?"
"Yes", "Ja"
"No", "Nee"
"CRATES", "KRATTEN"
"POPULAR", "POPULAIRE"
"BEST VALUE", "BESTE WAARDE"
"Redeem Crate Code...", "Krat code inwisselen..."
"Log In", "Log in"
"To earn crates, complete missions, keep track of your XP, and to purchase coins in War Brokers, please sign in using Google, Facebook, VK, Twitch, or a Steam account.", "Om kratten te verdienen, missies te voltooien, je XP bijhouden en om munten te kopen in War Brokers, meld je alstublieft aan met Google, Facebook, VK, Twitch of een Steam account."
"Use MOUSE1 to control speed", "Gebruik MOUSE1 om de snelheid te regelen"
"N", "N"
"S", "S"
"E", "E"
"W", "w"
"M - Menu", "M - Menu"
"Press F to Enter Vehicle", "Druk op F om in te stappen"
"MISSILE LOCKED!!!", "RAKET VERGRENDELD!!!"
"Press F to Pickup Package", "Druk op F om het pakket op te pakken"
"Switching Team to Balance Server", "Team veranderen om de server te balanceren"
"Hold F to Launch Missile", "Houd F vast om de raket te lanceren"
"Toggle Fullscreen", "Volledig scherm weergeven"
"Press Y for team chat...", "Druk op Y voor teamchat ..."
"Leaderboard", "Scorebord"
"LVL", "LVL"
"XP", "XP"
"Ping", "Ping"
"Our Team :", "Ons team :"
" : Enemy Team", " : Vijandig Team"
"Team Death Match Starts In", "Team Death Match start in"
"Death Match Starts In", "Death Match start in"
"Capture Point Starts In", "Capture Point begint in"
"Capture Flags Starts In", "Capture Flag begint in"
"Package Drop Starts In", "Package Drop begint in"
"Missile Launch Starts In", "Missile Launch begint in"
"Launch missiles!", "Lanceer raketten!"
"Stop missile launch!", "Stop raketlancering!"
"AR Rifle", "AR Geweer"
"AK Rifle", "AK geweer"
"Pistol", "Pistool"
"Hunting Rifle", "Jachtgeweer"
"RPG", "RPG"
"Shotgun", "Shotgun"
"Sniper Rifle", "Scherpschuttersgeweer"
"Sub Machine Gun", "Sub Machine Gun"
"Homing Missile", "Doelzoekend raket"
"Package", "Pakket"
"Grenade", "Granaat"
"BGM", "BGM"
"Air Strike", "Luchtaanval"
"Unknown", "Onbekend"
"Team Loss!!!", "Team verlies !!!"
"Team Wins!!!", "Team wint !!!"
"Tie Game!!!", "Gelijkspel!!!"
"Final Results", "Definitieve resultaten"
"Kills", "Gedood"
"Deaths", "Sterfgevallen"
"Damage", "Schade"
"Longest Kill", "Op langste afstand gedood"
"Points", "punten"
"Headshots", "Hoofdschot"
"Kills -", "Gedood -"
"Deaths -", "Sterfgevallen -"
"Damage -", "Schade -"
"Longest -", "Langste afstand -"
"Points -", "Punten -"
"Head Shots -", "Hoofdschot -"
" kills", " gedood"
"Sign in to keep track of mission progress", "Log in om de voortgang van de missie bij te houden"
"LEVEL", "NIVEAU"
"Earned", "verdiende"
" coins!", " munten!"
"Team will switch in 5 seconds", "Team verandert in 5 seconden"
"Mission", "Missie"
" Complete", " compleet"
" XP", " XP"
" Coins", " munten"
"Earned a Crate!", "Krat verdiend!"
"Kill", "Doden"
"Cause", "Oorzaak"
" damage", " schade"
"Deliver", "Leveren"
" packages", " pakketjes"
" package", " pakket"
"Launch", "Lancering"
" missiles", " raketten"
" missile", " raket"
"Capture", "Vangst"
" points", " points"
" point", " punt"
"Play", "Spelen"
" matches", " spellen"
" match", " spel"
"Travel", "Reizen"
" meters", " meter"
"Assist", "Helpen"
" players", " spelers"
" player", " speler"
"Finish 1 match with", "Voltooi 1 match met"
" kill", " doden"
" as a", " als een"
" with a", " met een"
" without dying", " zonder dood te gaan"
" within", " binnen"
" seconds", " seconden"
" dying less than", " sterf minder dan"
" times", " keren"
" time", " keer"
" with health less than", " met minder gezondheid dan"
" in less than", " In minder dan"
" at a distance greater than", " op een afstand groter dan"
" at a distance less than", " op een afstand minder dan"
"Coins", "munten"
"Crate", "Krat"
"any weapon", "elk wapen"
"tanks", "tanks"
"tank", "tank"
"APCs", "APC's"
"APC", "APC"
"helicopters", "helikopters"
"helicopter", "helikopter"
"Tank Lvl-1", "Tank Lvl-1"
"Tank Lvl-2", "Tank Lvl-2"
"Tank Lvl-3", "Tank Lvl-3"
"APC Lvl-1", "APC Lvl-1"
"APC Lvl-2", "APC Lvl-2"
"APC Lvl-3", "APC Lvl-3"
"Helicopter Lvl-1", "Helikopter Lvl-1"
"Helicopter Lvl-2", "Helikopter Lvl-2"
"Helicopter Lvl-3", "Helikopter Lvl-3"
"people", "mensen"
"person", "persoon"
"TANK LVL-3", "TANK LVL-3"
"QUIT GAME?", "SPEL SLUITEN?"
"DAILY REWARDS", "DAGELIJKSE BELONINGEN"
"Missiles Launched", "Raket Gelanceerd"
" until next reward", "  tot volgende beloning"
"killed by", "gedood door"
"fragged by", "gefragmenteerd door"
"blown up by", "opgeblazen door"
"destroyed by", "vernietigd door"
"smashed by", "ingeslagen door"
"with", "met"
"self destructed", "zelfvernietigd"
"Invert Heli Y", "Helikopter omkeren Y"
"Press C to Change View", "Druk op C om weergave te wijzigen"
"LAUNCH MISSILES", "LANCEER RAKKETEN"
"FIND GREEN CIRCLES ON MAP", "VIND GROENE CIRKELS OP KAART"
"HOLD F TO RAISE", "HOUD F OM TE VERHOGEN"
"YELLOW = BEING RAISED", "GEEL = WORDEN OPGEHEVEN"
"RED = LAUNCHED", "ROOD = LANCERING"
"GREEN = LAUNCHER", "GROEN = LANCEERDER"
"STOP MISSILE LAUNCH", "STOP RAKKET LANCERING"
"FIND YELLOW CIRCLES ON MAP", "VIND GELE CIRKELS OP KAART"
"STOP PEOPLE LAUNCHING MISSILE", "HOUD DE RAKKETLANCERING TEGEN"
"Invert Y Axis", "Y-as omkeren"
"Color Blind", "Kleurenblind"
"Press F to Drop Package", "Druk op F om pakket te droppen"
"FIND THE PACKAGE [WHITE STAR ON MAP]", "VIND HET PAKKET [WITTE STER OP KAART]"
"PICK IT UP", "RAAP HET OP"
"DROP OFF AT GREEN CIRCLE", "ZET AF BIJ GROENE CIRKEL"
"Deliver package to green circle on minimap", "Lever pakket aan groene cirkel op minimap"
"Get the package, white star on minimap", "Pak het pakket, witte ster op de minimap"
"Defend the package carrier", "Verdedig de pakketdrager"
"Stop the package carrier, flashing star on minimap", "Stop de pakketdrager, knipperend ster op minimap"
"Hop in, I'll give you a ride", "Stap in, ik geef je een lift"
"I need a ride", "Ik heb een rit nodig"
"Launch Missile #1", "Lanceer raket # 1"
"Launch Missile #2", "Lanceer raket # 2"
"Launch Missile #3", "Lanceer raket # 3"
"Defend Missile #1", "Verdedig raket # 1"
"Defend Missile #2", "Verdedig raket # 2"
"Defend Missile #3", "Verdedig raket # 3"
"Defend the package carrier (flashing green/white star on the map)", "Verdedig de pakketdrager (groen / witte ster knipperend op de kaart)"
"Package carrier deliver the package to the drop off point (green circle on map)", "Pakketvervoerder bezorgt het pakket aan het afleverpunt (groene cirkel op kaart)"
"Drop the package I'll carry it", "Laat het pakket vallen. Ik zal het dragen"
"Pickup the package (white star on the mini-map)", "Pak het pakket op (witte ster op de minikaart)"
"Kill the enemy carrying the package (flashing red/yellow star on the mini-map)", "Dood de vijand die het pakket draagt (knipperend rood / geel sterretje op de minikaart)"
"Enemy on top of mountain", "Vijand op de top van de berg"
"Group up to help each other", "Blijf bij elkaar om te helpen"
"Enemy on top of buildings", "Vijand op de daken van gebouwen"
"Enemy close", "Vijand dichtbij"
"Taking enemy fire", "Ondervuur door vijand"
"Kill the enemy helicopter", "Vernietig vijandelijke helikopter"
"Kill the enemy vehicle", "Vernietig vijandelijke voertuig"
"Death Match", "Death Match"
"Capture Flags", "Vlag veroveren"
"Package Drop", "Pakket dropping"
"Missile Launch", "Raketlancering"
"Team", "Team"
"CLICK HERE TO SELECT MISSILE LAUNCH", "KLIK HIER OM RAKET LANCERING TE SELECTEREN"
"CLICK HERE TO SELECT PACKAGE DROP", "KLIK HIER OM PAKKET DROPPING TE SELECTEREN"
"CLICK HERE TO SELECT DEATH MATCH", "KLIK HIER OM DEATH MATCH TE SELECTEREN"
"NEXT GAME MODE VOTE", "STEM VOOR VOLGENDE GAME MODE"
"CLICK HERE TO SELECT TEAM DEATH MATCH", "KLIK HIER OM TEAM DEATH MATCH TE SELECTEREN"
"Team Death Match", "Team Death Match"
"Server will restart at end of round", "Server wordt opnieuw gestart aan het einde van de ronde"
"Bomb Disposal", "Bommen afvoeren"
"MISSILE LAUNCH / BOMB DISPOSAL", "RAKKET LANCERING / BOM UITSCHAKELEN"
"PACKAGE DROP", "PAKKET DROPPING"
"TEAM DEATH MATCH", "TEAM DEATH MATCH"
"Bomb Diffusal Starts In", "Bomb Diffusal Start In"
"Disarm Bombs!", "Schakel bommen uit!"
"Stop enemy team!", "Stop vijandig team!"
"Bombs Disarmed", "Bommen uitgeschakeld"
"DISARM BOMBS", "SCHAKEL BOMMEN UIT"
"HOLD F TO DISARM", "HOUD F OM UIT TE SCHAKELEN"
"STOP ENEMY TEAM", "STOP HET VIJANDIG-TEAM"
"STOP PEOPLE DISARMING BOMBS", "STOP MENSEN DIE BOMMEN UITSCHAKELEN"
"YELLOW = BEING DISARMED", "GEEL = WORDT UITGESCHAKELD"
"RED = DISARMED", "ROOD = UITGESCHAKELD"
"GREEN = ARMED", "GROEN = ACTIEF"
"Hold F to Disarm Bomb", "Houd F ingedrukt om de bom uit te schakelen"
"Move", "Verplaats"
"Fire", "Schieten"
"Zoom", "Zoom"
"Look", "Kijken"
"Weapon 1", "Wapen 1"
"Weapon 2", "Wapen 2"
"Crouch", "Hurken"
"Reload", "Herladen"
"Jump", "Springen"
"Pistol Death Match Starts In", "Pistol Death Match Start In"
"Pistol Death Match", "Pistol Death Match"
"NEXT MAP VOTE", "STEM OP VOLGENDE MAP"
"BOMB DISPOSAL", "BOM UITSCHAKELEN"
"PISTOL DEATH MATCH", "PISTOOL DEATH MATCH"
"MISSILE LAUNCH", "RAKKET LANCERING"
"Disarm Bomb #1", "Bom # 1 deactiveren"
"Disarm Bomb #2", "Bom # 2 deactiveren"
"Disarm Bomb #3", "Bom # 3 deactiveren"
"Defend Bomb #1", "Verdedig Bom # 1"
"Defend Bomb #2", "Verdedig Bom # 2"
"Defend Bomb #3", "Verdedig Bom # 3"
"DESERT", "WOESTIJN"
"NORTHWEST", "NOORD WEST"
"PACIFIC", "GROTE OCEAAN"
"OFFICE", "KANTOOR"
"FLOODED", "OVERSTROOMD"
"Blood Overlay", "Blood Overlay"
"NEXT MAP", "VOLGENDE MAP"
"Knife", "Mes"
"Parachute", "Parachute"
"Hold Breath", "Adem inhouden"
"Server will restart in", "Server start opnieuw in"
"Please rejoin when this happens.", "Verlaat spel en kom terug als dit gebeurd"
"Heli Mini Gun", "Heli Mini Gun"
"Tank Mini Gun", "Tank Mini Gun"
"Socket Test", "Socket Test"
"Exit Vehicle", "Verlaat het voertuig"
"Drop Package", "Laat pakket los"
"Default Spawn", "Standaard spawn"
"Click on green area to parachute in on that spot", "Klik op groen gebied om op die plek te parachuteren"
"E Brake", "E Brake"
"TEMPLE", "TEMPEL"
"Blood", "Bloed"
"Drop Flare", "Drop Flare"
"LOCKED", "OP SLOT"
"Press ENTER or Left Shift...", "Druk op ENTER of op Linker Shift ..."
"Deliver package", "Lever pakket"
"Get the package", "Pak het pakket"
"Stop the package carrier", "Stop de pakketdrager"
"Revolver", "Revolver"
"Minigun", "minigun"
"Deliver the package to green circle", "Lever het pakket in een groene cirkel"
"Pickup the package", "Pak het pakket op"
"Kill the enemy carrying the package", "Dood de vijand die het pakket draagt"
"Choose a longer nick", "Kies een langere gebruikersnaam"
"Error! Nick already in use!", "Fout! Gebruikersnaam is al in gebruik!"
"Set your unique nick", "Stel je unieke gebruikersnaam in"
"Bored of your current unique nick?  Buy a different one!", "Vind jij je huidige unieke gebruikersnaam saai? Koop een andere!"
"Make sure no one can steal your nick. Lock in your nick!", "Zorg dat niemand je gebruikersnaam kan stelen. Leg je gebruikersnaam vast!"
"To view your full stats, please sign in using Google, Facebook, VK, Twitch or Steam.", "Log in op Google, Facebook, VK, Twitch of Steam om je volledige statistieken te bekijken."
"Login", "Log in"
"ERROR", "FOUT"
"Please refresh your browser window", "Vernieuw je browservenster"
"Please restart the app", "Start de app opnieuw"
"Players Online", "Spelers online"
"Unable to connect", "Kan geen verbinding maken"
"Use SSL", "Gebruik SSL"
"Choose a Unique Nick", "Kies een unieke gebruikersnaam"
"Please choose a nickname to identify yourself.  Once you choose a nickname, it cannot be changed unless you purchase a new one.", "Kies een gebruikersnaam om uzelf te identificeren. Zodra u een gebruikersnaam kiest, kan deze niet worden gewijzigd, tenzij u een nieuwe aankoopt."
"Quick Help", "Snelle hulp"
"PLAYER", "SPELER"
"STATS", "STATISTIEKEN"
"View Full Stats", "Bekijk volledige statistieken"
"STORE", "WINKEL"
"Redeem Code...", "Code inwisselen"
"Grenade Launcher", "Granaatlanceerder"
"Smoke Grenade", "Rookgranaat"
"Tank", "Tank"
"Heli", "Heli"
"Heli Minigun", "Heli Minigun"
"Tank Minigun", "Tank Minigun"
"OK", "OK"
"Cancel", "Annuleer"
"HELP", "HELP"
"SETTINGS", "INSTELLINGEN"
"Connect to a server to go on missions...", "Maak verbinding met een server om missies uit te voeren ..."
"Close", "Sluiten"
"Buy Now", "Koop nu"
"BUY NOW ON", "KOOP NU OP"
"20% off during launch week (Ends April 25th)", "20% korting tijdens de lanceringsweek (eindigt 25 april)"
"Includes 5000 Coins", "Inclusief 5000 munten"
"Unique nick with color", "Unieke gebruikersnaam met kleur"
"2-5 times better frame rate than the browser version", "2-5 keer betere framesnelheid dan de browserversie"
"Stereo sound", "Stereogeluid"
"Runs on PC, OSX, and Linux", "Werkt op pc, OSX en Linux"
"Special Hazmat outfit only available with Steam purchase", "Speciale Hazmat-outfit alleen verkrijgbaar bij Steam-aankoop"
"Play Free", "Speel gratis"
"Steam version features:", "Steam-versie functies:"
"Includes 2,500 Coins", "Inclusief 2.500 munten"
"PLAY FREE ON", "SPEEL GRATIS OP"
"BROWSER", "BROWSER"
"Vsync", "Vsync"
"Reticule Color", "Reticulekleur"
"Please join a new server", "Sluit u alstublieft aan bij een nieuwe server"
"Server is full, try another one", "Server is vol, probeer een andere"
"Connection dropped, unable to restore it", "Verbinding verbroken, niet in staat om het te herstellen"
"Join the WarBrokers Discord server", "Word lid van de WarBrokers Discord-server"
"Ask the devs questions, get help,", "Stel vragen aan ontwikkelaars, krijg hulp,"
"talk with other players, and", "praten met andere spelers, en"
"get a heads up on new features before", "krijg een voorsprong op nieuwe functies voordat"
"they are released to everyone else.", "ze worden vrijgegeven aan iedereen."
"Battle Royale", "Battle Royale"
"Join the WarBrokers Discord server.  Ask the devs questions, get help, talk with other players, and get a heads up on new features before they are released to everyone else.", "Word lid van de WarBrokers Discord-server. Stel vragen aan de ontwikkelaars, vraag hulp, praat met andere spelers en ontvang nieuwe functies voordat ze worden vrijgegeven aan iedereen."
"ESCAPE", "ONTSNAPPEN"
"SOUTHWEST", "SOUTHWEST"
"Press Key For: ", "Druk op toets voor:"
"Reset all keys", "Reset alle toetsen"
"Forward", "Vooruit"
"Back", "Terug"
"Left", "Links"
"Right", "Rechts"
"to Enter Vehicle", "om voertuig in te stappen"
"to Pickup Package", "om pakket op te pakken"
"to Change View", "om weergave te wijzigen"
"Menu", "Menu"
"Move Forward", "Ga vooruit"
"Move Back", "Ga terug"
"Move Left", "Ga naar links"
"Move Right", "Ga naar rechts"
"Use", "Gebruik"
"Flare", "Gloed"
"Battle Royale Starts In", "Battle Royale start in"
"to Exit Plane", "om het vliegtuig te verlaten"
"to Disarm Bomb", "om bom uit te schakelen"
"to Launch Missile", "om raket te lanceren"
"Zoom Map", "Zoom kaart"
"to Cancel", "om te annuleren"
"Jet", "Jet"
"Inventory", "Inventaris"
"Rocket", "Raket"
"Machine Gun", "Machinegeweer"
"Afterburner", "Afterburner"
"20% off during Steam Summer Sale (Ends July 5th)", "20% korting tijdens Steam Summer Sale (eindigt 5 juli)"
"Fist", "Vuist"
"Health", "Gezondheid"
"Using", "gebruikt"
"Kills Elo", "Gedood Elo"
"Games Elo", "Gespeeld Elo"
"Jet Rocket", "Straaljager Raket"
"Jet Homing", "Straaljager Zoekraket"
"Jet Machinegun", "Straaljager Machinegeweer"
"to Pickup", "Ophalen"
"REMAGEN", "Remagen"
"Small Health", "Klein EHBO-setje"
"Medium Health", "Gemiddelde EHBO-set"
"Large Health", "Grote EHBO-set"
"Blood Bag", "Bloedzak"
"Pills", "Pillen"
"Energy Can", "Blikje energiedrink"
"Needle", "Naald"
"Leg Light Armor", "Lichte beenbescherming"
"Medium Leg Armor", "Gemiddelde beenbescherming"
"Heavy Leg Armor", "Zware beenbescherming"
"Light Vest", "Lichte kogelwerend vest"
"Medium Vest", "Middelmatig kogelwerend vest"
"Heavy Vest", "Zwaar kogelwerend vest"
"Light Helmet", "Lichte helm"
"Medium Helmet", "Middelmatige helm"
"Heavy Helmet", "Zware helm"
"Light Backpack", "Kleine rugzak"
"Medium Backpack", "Middelgrote rugzak"
"Heavy Backpack", "Grote rugzak"
"100 Round Mag", "100 schoten magazijn"
"40 Round Mag", "40 schoten magazijn"
"50 Round Mag", "50 schoten magazijn"
"Fast Load Mag", "Snel laden magazijn"
"Scope", "Vizier"
"Compensator", "Compensator"
"Flash Reducer", "Flash-verminderaar"
"Grip", "greep"
"Silencer", "Geluiddemper"
"Stock", "Kolf"
"Laser", "Laser"
"Airhorn", "Luchthoorn"
"Walkie Talkie", "Walkie Talkie"
"Flare Gun", "Licht pistool"
"Teddy Bear", "Knuffelbeer"
"Walkie Talkie 2", "Walkie Talkie 2"
"Walkie Talkie 3", "Walkie Talkie 3"
"Dynamite Stick", "Dynamiet staaf"
"Dynamite Bundle", "Dynamiet bundel"
"Binoculars", "Verrekijker"
"Duct Tape", "Duct tape"
"Tape", "Tape"
"Books", "Boeken"
"Book", "Boek"
"Magazines", "Tijdschriften"
"Magazines 2", "Tijdschriften 2"
"Bear Trap", "Berenval"
"C4", "C4"
"Claymore", "Claymore"
"Gas Bottle", "Gasfles"
"Gas Bottle 2", "Gasfles 2"
"Jar", "Pot"
"Water Bottle", "Waterfles"
"Water Container", "Water container"
"Mouse Trap", "Muisval"
"Pills 2", "Pillen 2"
"Mouse: Fire, Zoom", "Muis: schieten, zoom"
"Draw Everything", "Teken alles"
"Item Use Cancelled", "Item Gebruik geannuleerd"
"You already have a better one!", "Je hebt al een betere!"
"press ENTER or SHIFT", "druk op ENTER of SHIFT"
"DISARM BOMBS!", "SCHAKEL BOMMEN UIT"
"LAUNCH MISSILES!", "LANCEER RAKETTEN"
"STOP ENEMY!", "STOP DE VIJAND!"
"SURVIVAL", "OVERLEVING"
"DELIVER PACKAGE!", "BEZORG PAKKET"
"GET PACKAGE!", "PAK PAKKET!"
"DEFEND PACKAGE!", "VERDEDIG PAKKET!"
"STOP PACKAGE!", "STOP PAKKET!"
"Waiting on players", "Wachten op spelers"
"Hold", "Houd"
"for large map", "voor grote kaart"
"Remain", "Blijven"
"You Win!", "Jij wint!"
"Click on map to parachute in on that spot", "Klik op de kaart om op die plek te parachuteren"
"Heavy", "zwaar"
"Scope 2x", "Vizier 2x"
"Scope 4x", "Vizier 4x"
"Scope 6x", "Vizier 6x"
"Sniper Scope", "Scherpshutters-vizier"
"Chickens don't really win anything but the honor of being in your stomach.", "Kippen winnen de eer om je honger te strelen."
"Due to budget cuts, full chicken dinners are no longer available.  Here is a chicken nugget.", "Wegens bezuinigingen zijn volledige kipdiners niet langer beschikbaar. Hier is een kipnugget."
"Congratulations! In an effort to decrease waste, War Brokers has awarded you a slightly used chicken dinner.", "Gefeliciteerd! In een poging om afval te verminderen, heeft War Brokers u een licht aangegeten kippendiner toegekend."
"You know even I amaze myself sometimes.", "Weetje, soms verbaas ik mijzelf."
"Wow!  You just survived all of that!", "Wauw! Je hebt het allemaal overleefd!"
"Can you hear me now?", "Kan je me nu horen?"
"Winner - It's your lucky day!", "Winnaar - Het is je geluksdag!"
"Nice Win! Next time will be harder.", "Goed gedaan! De volgende keer zal moeilijker zijn."
"Cheating detected.  Account banned.... Just kidding.", "Valsspelen gedetecteerd. Account verbannen .... Grapje."
"Winner Winner Sausage Dinner!", "Winnaar Winnaar worst is gaar!"
"Wow, we've never seen anyone win in that particular way, in that particular spot, against those particular enemies, under those particular conditions before!", "Wauw, we hebben nog nooit iemand op die specifieke manier, op die specifieke plek, tegen die specifieke vijanden zien winnen, onder die specifieke omstandigheden!"
"You've won! Tip: Keep doing that.", "Je hebt gewonnen! Tip: Blijf dat doen."
"Winner Winner losers for dinner!", "Winnaar Winnaar de verliezers zijn gaar!"
"You Wrecked them!", "Je hebt ze gesloopt!"
"Next time, don't forget the bubblegum!", "Vergeet de volgende keer het kauwgom niet!"
"You've won a haiku.  I'm terrible at haikus.  So, here goes nothing... Wait...", "Je hebt een haiku gewonnen. Ik ben verschrikkelijk bij haiku's. Dus hier gaat niets ... Wacht ..."
"Congratulations, you've won these very words!", "Gefeliciteerd, je hebt dit woord gewonnen!"
"I'm sorry, we don't serve poultry here.  Only justice.", "Het spijt me, we serveren hier geen pluimvee. Alleen gerechtigheid."
"Studies have shown that your chances of losing are still 99.99999%.", "Studies hebben aangetoond dat je kans om te verliezen nog steeds 99,9999999% is."
"Please proceed to the nuclear plant for your cake.", "Ga alstublieft naar de kerncentrale voor jouw taart."
"There is a party for you at Joja's Pizza.  Everyone still alive will be there!", "Er is een feest voor je bij Joja's Pizza. Iedereen die nog leeft, zal er zijn!"
"Winner winner vulture dinner!  (Please note vulture stomachs may contain prior enemies...)", "Winnaar winnaar gier is gaar! (Let op: gierenmaagden kunnen eerdere vijanden bevatten ...)"
"Winner!  We are required to inform you that your chicken dinner may contain lead bullets.", "Winnaar! We zijn verplicht om u te informeren dat uw kippendiner mogelijk loodkogels bevat."
"Congratulations!  Please do your part and clean the area of all shell casings.  Thank you.", "Gefeliciteerd! Doe alsjeblieft jouw deel en ruim die kogel omhulsels op. Dank je."
"Fun Fact: You didn't lose!", "Leuk feitje: je hebt niet verloren!"
"Please remember to remove your Kelvar BEFORE your dinner!", "Vergeet niet om je Kelvar te verwijderen VOOR je diner!"
"Haikus are the worst, and you deserve something more.  However, you lost.", "Haiku's zijn de ergste, en je verdient iets meer. Helaas heb je verloren."
"Your consciousness is now being uploaded to the nearest crash test dummy unit...", "Je bewustzijn wordt nu geüpload naar de dichtstbijzijnde eenheid voor crashtests ..."
"The cake was a lie.", "De taart was een leugen."
"All these games are lost. Like tears, in rain.", "Al deze spellen zijn verloren. Zoals tranen, in de regen."
"We regret to inform you that our previous message on using your dead enemies as floatation devices in case of emergency was, in fact, not true.  We apologize for the misinformation.", "Tot onze spijt moeten we u mededelen dat onze vorige boodschap over het gebruik van uw dode vijanden als flotatiehulpmiddelen in geval van nood in feite niet waar was. Onze excuses voor de verkeerde informatie."
"This is going on your permanent record.", "Dit gaat op je permanente record."
"For every action there is an equal and opposite reaction... like your body.", "Voor elke actie is er een gelijke en tegenovergestelde reactie ... zoals je lichaam."
"Tip: Don't die next time!", "Tip: Ga de volgende keer niet dood!"
"You have war broke my heart.", "Je hebt mijn hart ge-war-broken."
"Tip: When hiding from a nearby enemy, attempt to not die.", "Tip: wanneer je je verstopt voor een vijand in de buurt, probeer dan niet te sterven."
"You've won a participation trophy.  Congratulations!", "Je hebt een deelnametrofee gewonnen. Gefeliciteerd!"
"Due to budget cuts on words, only winners receive complete", "Wegens bezuinigingen op woorden worden alleen de winnaars voltooid"
"Research has shown that dying will not result in winning the game.", "Onderzoek heeft aangetoond dat dood gaan niet zal resulteren in het winnen van het spel."
"Please do not toss your headphones across the room in frustration. --WB Team", "Gooi je koptelefoon niet frustrerend door de kamer. - WB Team"
"'Pick yourself up.  Dust yourself off.  Start all over again.' --Fred Astaire, 1926", "'Raap jezelf op. Stof jezelf af. Begin helemaal opnieuw.' - Fred Astaire, 1926"
"Your death has resulted in the immediate loss of your opportunity to win.", "Je overlijden heeft geresulteerd in het onmiddellijke verlies van je kans om te winnen."
"Since you died, and we cannot find a will, we are hereby seizing your property and assets in name of the goverment of War Brokers.", "Sinds je dood bent en we geen wil kunnen vinden, nemen wij hierbij beslag op uw eigendom en vermogen in naam van de overheid van War Brokers."
"You death has made someone else very happy.  Congratulations!", "Je dood heeft iemand anders heel gelukkig gemaakt. Gefeliciteerd!"
"Thank you for contributing to The Grim Reapers daily quota.", "Bedankt voor uw bijdrage aan het dagelijkse quotum van The Grim Reapers."
"We are informing you that we will be dropping your body from 40,000 feet for 'research'.", "We informeren je dat we jouw lichaam vanaf 12.000 kilometer hoogte zullen laten vallen voor 'onderzoek'."
"Next time, please die near the soccer goal so the winner can play with your dead body.", "Sterf de volgende keer op het voetbal veld, zodat de winnaar kan spelen met je lijk."
"We have now started the ritual to transform you into a pancake.", "We zijn nu met het ritueel begonnen om je in een pannenkoek te veranderen."
"There is always a second life... wait actually this was your only one.", "Er is altijd een tweede leven... behalve voor jou."
"There is always a second life... And you just used it up!", "Er is altijd een tweede leven... en zelfs die heb je verspild."
"Studies have shown that your chances of losing are 99.99999%.", "Studies hebben aangetoond dat je kans om te verliezen 99.99999% is."
"Open Parachute", "Open Parachute"
"press ENTER", "druk op Enter"
"BACKPACK", "RUGZAK"
"GROUND", "GROND"
"Scramble to find the best loot and fight to be the last survivor.", "Zoek de beste wapens en attributen en vecht tot je de laatste overlevende bent."
"Start with set weapon. Respawn each time you die.", "Begin met gekozen wapen. Opnieuw inladen na elke keer dat je dood gaat."
"Play New Game", "Speel nieuw spel"
"SPECTATE", "TOESCHOUWEN"
"PLAY NEW GAME", "SPEEL NIEUW SPEL"
"DEFEND BOMBS!", "BOMMEN VERDEDIGEN!"
"DEFEND MISSILES!", "RAKETTEN VERDEDIGEN!"
"KILLS", "KILLS"
"Results", "resultaten"
"to Arm Bomb", "om bom te activeren"
"to Lower Missile", "om raket omlaag te halen"
"Unused", "ongebruikt"
"Fall Faster", "Val sneller"
"To view your full stats, please sign in.", "Meld je aan om je volledige statistieken te bekijken."
"Time Remaining", "Overgebleven tijd"
"Vehicle Escort", "Voertuig Escort"
"To earn crates, complete missions, keep track of your XP, and to purchase coins in War Brokers, please sign in.", "Om kratten te verdienen, missies te voltooien, je XP bij te houden, en om munten te kopen bij War Brokers, log je in."
"Press L to Lock/Unlock Cursor", "Druk op L om Cursor te vergrendelen / ontgrendelen"
"New Holiday skins!", "Nieuwe outfits voor de feestdagen!"
"Earn a holiday crate for every 30 minutes of play!", "Verdien een kerst-krat voor elke 30 minuten spelen!"
"New Weapons!", "Nieuwe wapens!"
"Try out the VSS (Close Range Sniper) and the .50 Cal Sniper!", "Probeer de VSS (Close Range Sniper) en de .50 Cal Sniper uit!"
"Other weapons like the Mini-Gun and Rifle have been buffed!", "Andere wapens zoals de Mini-Gun en Rifle zijn verbeterd."
"DEATH MATCH", "DEATH MATCH"
"Starting in", "Begint in"
"WAITING FOR ONE MORE PLAYER...", "WACHTEN OP ÉÉN SPELER..."
"STARTING IN", "BEGINT IN"
"CAPTURE POINTS", "VLAG VEROVEREN"
"VEHICLE ESCORT", "VOERTUIG ESCORT"
"MOVE THE TANK", "VERPLAATS DE TANK"
"Flag has been raised", "Vlag is gehezen"
"Raising your flag", "Vlag wordt gehezen"
"Lowering enemy flag", "Verlaag de vijandelijke vlag"
"VSS", "VSS"
".50 Cal Sniper", ".50 Cal Sniper"
"Objective failed, switching sides.", "Doel mislukt, wisselen van zijde"
"Objective completed, switching sides.", "Doel voltooid, wisselen van zijde"
"You earned a Holiday Crate!!!", "Je hebt een kerstkrat verdiend !!!"
"Bomb", "Bom"
"was disarmed!", "was gedeactiveerd!"
"Missile", "Raket"
"was launched!", "was gelanceerd!"
"CITY POINT", "STADSPUNT"
"TOMB", "TOMBE"
"BGM Overlay", "BGM-overlay"
"Get the new limited time items!", "Krijg de nieuwe tijdelijke items!"
"War Brokers Steam version 55% off until February 11:", "War Brokers Steam-versie 55% korting tot 11 februari:"
"Faster load time", "Snellere laadtijd"
"Turret", "Torentje"
"You earned a Special Crate!!!", "Je hebt een speciale kist verdiend!!!"
"Vulgar, offensive or derogatory words in your player name do not meet War Brokers standards.  Please choose a new name, and continue enjoying War Brokers", "Vulgaire, beledigende of denigrerende woorden in je spelersnaam voldoen niet aan de War Brokers-normen. Kies een nieuwe naam en blijf genieten van War Brokers"
"Vulgar, offensive or derogatory chat messages do not meet War Brokers standards. You have been warned for your behavior. Please be considerate of your fellow players and enjoy War Brokers", "Vulgaire, beledigende of denigrerende chatberichten voldoen niet aan de War Brokers-normen. Je bent gewaarschuwd voor je gedrag. Houd rekening met je medespelers en geniet van War Brokers"
"Crossbow", "Kruisboog"
"THE SOMME", "DE SOMME"
"Buy War Brokers on Steam!", "Koop War Brokers op Steam!"
"Leprechaun Hat", "Leprechaun Hoed"
"Leprechaun Beard", "Leprechaun Baard"
"Four Leaf Clover Decal (free)", "Klavertje vier sticker (gratis)"
"Leprechaun Ears (free)", "Leprechaun oren (gratis)"
"Leprechaun Skin (free)", "Leprechaun huid (gratis)"
"Please quit the server you are on before joining a new one!", "Sluit de server af voordat je deelneemt aan een nieuwe!"
"Please choose a nick name that is not vulgar, religious, or has bad words.", "Kies een bijnaam die niet vulgair, religieus is of slechte woorden bevat."
"Unique Nick", "Unieke gebruikersnaam"
"FRIENDS", "Vrienden"
"Friend List", "Vriendenlijst"
"Join", "Meedoen"
"Remove", "Verwijderen"
"Remove Friend?", "Verwijder vriend?"
"Friend Requests", "Vriendschapsverzoeken"
"Accept", "Accepteren"
"Decline", "Afwijzen"
"Find Someone", "Vind iemand"
"Request", "Verzoek"
"Death Match, Escort, Package Drop, Missile Launch, Bomb Disposal", "Death Match, Escort, Package Drop, Missile Launch, Bomb Disposal"
"SPECTATOR MODE", "TOESCHOUWERS MODUS"
"Waiting for free slot", "Wachten op een vrije plek"
"Press 1 or 2 to cycle players", "Druk op 1 of 2 om andere spelers toe te schouwen"
"Choose a nick", "Kies een gebruikersnaam"
"SCAR", "SCAR"
"TRIBUTE", "TRIBUTE"
"Stream on Twitch now to be featured here", "Stream op Twitch nu om hier te worden uitgelicht"
"Sign in to connect with friends!", "Log in om contact te maken met vrienden!"
"No pending invites...", "Geen openstaande uitnodigingen ..."
"Offline", "offline"
"Players", "spelers"
"No friends...", "Geen vrienden..."
"No results...", "Geen resultaten..."
"COWBOYS WITH MATCHING HOLSTERS, HATS, BANDOLIER AND BANDANA - AVAILABLE IN THE STORE", "COWBOYS MET MATCHING HOLSTERS, HOEDEN, BANDOLIER EN BANDANA - BESCHIKBAAR IN DE WINKEL"
"SOMBRERO AND CUSTOMIZABLE FLAG BANDANA FREE WITH PLAY", "SOMBRERO EN AANPASBAAR VLAG BANDAANA GRATIS BIJ SPELEN"
"ADS", "ADS"
"Head Shot SFX", "Hoofdschot SFX"
"Dynamic Lights", "Dynamische lichten"
" to Activate Terminal", "  om Terminal te activeren"
"Slow down to refuel", "Vertraag om te tanken"
"Hold still to refuel", "Houd stil om te tanken"
"Fuel tank full", "Brandstoftank vol"
"Up to 4x faster frame rate than browser.", "Tot 4x snellere framesnelheid dan browser."
"Steam exclusive Hazmat suit.", "Steam-exclusief Hazmat-pak."
"3D positional audio versus stereo on browser.", "3D positionele audio versus stereo in browser."
"Includes 1200 Coins", "Inclusief 1200 munten"
"Unique orange nickname.", "Unieke oranje gebruikersnaam."
"BATTLE ROYALE", "BATTLE ROYALE"
"CLASSIC", "KLASSIEK"
"You earned a Special Item!!!", "Je hebt een speciaal item verdiend !!!"
"Tactical Shotgun", "Tactische Shotgun"
"Sprint", "Sprint"
"Chat Window", "Chatvenster"
"MOONBASE", "MOONBASE"
"ALL-TIME & DAILY LEADERBOARDS - WEAPON INFO - PERSONAL STATS - MAPS - COMICS - VIDEOS", "ALL-TIME & DAGELIJKSE SCOREBORDEN - WAPENINFO - PERSOONLIJKE STATISTIEKEN - KAARTEN - STRIPVERHALEN - VIDEO'S"
"Fire Mode", "Schiet modus"
"Scroll Wheel", "Muis wieltje"
"Left mouse button to parachute", "Linkermuisknop om te parachutespringen"
"Right mouse button to spawn", "Rechter muisknop om te spawnen"
"You are in screen shot mode. Press RIGHT SHIFT + 8 to turn on your gun so you can fire", "U bevindt zich in de schermafdrukmodus. Druk op RECHTER SHIFT + 8 om je wapen in te schakelen zodat je kunt schieten"
"Activate Terminal", "Activeer Terminaal"
"Search", "Zoeken"
"AREA 15 BASE", "AREA 15 BASIS"
"AREA 15 BUNKER", "AREA 15 BUNKER"
"SKULL ISLAND", "SCHEDEL ISLAND"
"The human race is dead.", "Het menselijk ras is vergaan."
"The zombies are coming for you!  Make teams with other players to survive, or go it alone and kill everything that moves, the choice is yours...", "De zombies komen eraan!  Speel samen met andere spelers, of doe het alleen en dood alles wat beweegt, de keus is aan jou..."
"Change your nick to something else", "Verander jouw gebruikers naam"
"Change Nick", "Verander gebruikersnaam"
"Default", "Standaard"
"Competitive", "Concurrerend"
"Lobby", "Lobby"
"COMPETITIVE", "CONCURREREND"
"Team up with your friends in a 2x2 match", "Speel samen met jouw vrienden in een 2x2 match"
"LOBBY", "LOBBY"
"Elo -", "Elo -"
"Unable to connect to server, please try again", "Kan geen verbinding maken, probeer opnieuw"
"HANGAR", "HANGAR"
"KITCHEN", "KEUKEN"
"TEST", "TEST"
"Waiting for", "Wachten op"
"more player(s)", "meer speler(s)"
"Match Win!", "Gewonnen!"
"Match Loss!", "Verloren!"
"Match Tie!", "Gelijkspel!"
"Waiting for the other team...", "Wachten op andere team."
"Invite a player to team with you, join someone's team, or let the computer team you up automatically.  Press Play when ready.", "Nodig iemand uit om samen te spelen, meedoen met iemand, of laat de computer bepalen.  Druk op Spelen als je er klaar voor bent."
"Rifle", "Geweer"
"Light", "Licht"
"Emblem Color", "Embleem kleur"
"Party", "Partij"
"Invite", "Uitnodigen"
"Private", "Prive"
"Quit", "Quit"
"Leave", "Leave"
"Space Center", "Space Center"
"Rest Stop", "Rest Stop"
"Stadium", "Stadium"
"Trailer Park", "Trailer Park"
"Farmington Farms", "Farmington Farms"
"Old Wings Salvage", "Old Wings Salvage"
"Metro Airport", "Metro Airport"
"Training Grounds", "Training Grounds"
"The Diner", "The Diner"
"Train Station", "Train Station"
"Fuel Refinery", "Fuel Refinery"
"Grand City", "Grand City"
"The Port", "The Port"
"Government Park", "Government Park"
"Junkers", "Junkers"
"Skywatch Base", "Skywatch Base"
"Area 15", "Area 15"
"Mountain Base", "Mountain Base"
"Del Gato", "Del Gato"
"The Reactor", "The Reactor"
"Old Man's Cabin", "Old Man's Cabin"
"Pin Enemy", "Markeer vijand"
"CREATE WAR BROKERS ACCOUNT", "MAAK EEN WAR BROKERS ACCOUNT"
"Solo", "Alleen"
"Check this out", "Kijk hier eens"
"Enemy spotted", "Vijand gezien"
"Found", "Gevonden"
"Marker cleared", "Markering gewist"
"Take my walkie talkie to a radar station", "Breng mijn walkie talkie naar een radar station"
"Cover me", "Dek mij"
"Follow me", "Volg mij"
"I need attachments", "Ik heb middelen nodig"
"I need armor", "Ik heb beshermers nodig"
"I need ammo", "Ik heb munitie nodig"
"I need health", "Ik heb een EHBO-set nodig"
"Let's stay here", "Laten we hier blijven"
"Clear your ping marker", "Wis jouw makering"
"I need rifle ammo", "Ik heb munitie nodig voor geweer"
"I need unused ammo", "Ik heb ongebruikt munitie nodig"
"I need light ammo", "Ik heb lichte munitie nodig"
"I need heavy ammo", "Ik heb zware munitie nodig"
"I need shotgun ammo", "Ik heb munitie nodig voor shotgun"
"DWARF'S DUNGEON", "DWARF'S DUNGEON"
"Error! Already is a friend", "Fout! Is al een vriend"
"Error! Please accept their invitation", "Fout! Accepteer uitnodiging"
"Loading...", "Laden..."
"Reconnecting", "Opnieuw verbinden"
"Error! You have already issued a friend request", "Fout! Je hebt al een vriendschapsverzoek verstuurd"
"Steam is offline, unable to connect", "Steam is offline, kan niet worden verbonden"
"Duos Party", "Duos Party"
"Join Duo", "Meedoen met Duo"
"Invite to Duo", "Nodig uit voor Duo"
"Block Duo Invites", "Blokkeer Duo verzoeken"
"Fill (Will search for partner)", "Invullen (zoeken naar partner)"
"No Fill (Will not search for partner)", "Niet invullen (niet zoeken naar partner)"
"Leave Duo", "Verlaat Duo"
"YOUR PARTNER CAN REVIVE YOU.  HANG IN THERE!", "JOUW PARTNER KAN JE REDDEN.  BLIJF HANGEN!"
"YOUR DUOS PARTNER IS", "JOUW DUOS PARTNER IS"
"HEAD TO A RADAR STATION AND ACTIVATE THE COMPUTER", "GA NAAR EEN RADAR STATION EN ACTIVEER DE COMPUTER"
"GET THE WALKIE TALKIE TO REVIVE YOUR TEAMMATE", "PAK DE WALKIE TALKIE OM JE PARTNER TE REDDEN"
"FRONTIER", "FRONTIER"
"Invite a player to team with you, join someone's team.  Choose fill to search for a partner.  Press Play when ready.", "Nodig een vriend uit als partner, doe mee met iemand anders.  Kies invullen om een partner te vinden.  Toets Spelen als je er klaar voor bent." ```
